{
  "task_name": "sciworld",
  "total_trajectories": 4240,
  "success_count": 1246,
  "failure_count": 2994,
  "success_rate": 0.2938679245283019,
  "total_tokens": {
    "mean": 4339.667452830188,
    "std": 1147.5914512319625,
    "min": 841,
    "max": 13850
  },
  "assistant_turns": {
    "mean": 26.234669811320753,
    "std": 7.606500192203659
  },
  "entropy_C_assistant": {
    "success_mean": 0.18123485403947215,
    "success_std": 0.10427406551079144,
    "failure_mean": 0.20045635637922618,
    "failure_std": 0.12217736612100918
  },
  "entropy_C_user": {
    "success_mean": 0.31608195390499105,
    "success_std": 0.2831178840994346,
    "failure_mean": 0.3636587768042479,
    "failure_std": 0.32445657026810937
  }
}