{
  "task_name": "babyai",
  "total_trajectories": 3240,
  "success_count": 987,
  "failure_count": 2253,
  "success_rate": 0.30462962962962964,
  "total_tokens": {
    "mean": 5749.96574074074,
    "std": 3464.905852817365,
    "min": 607,
    "max": 18433
  },
  "assistant_turns": {
    "mean": 17.764197530864198,
    "std": 10.329029075377505
  },
  "entropy_C_assistant": {
    "success_mean": 0.23770266217006125,
    "success_std": 0.09383447373784107,
    "failure_mean": 0.24275391694965787,
    "failure_std": 0.09957979946935709
  },
  "entropy_C_user": {
    "success_mean": 0.28878344108102355,
    "success_std": 0.35267615208310793,
    "failure_mean": 0.14414425236659753,
    "failure_std": 0.2503521110122313
  }
}