{
  "total_trajectories": 1496,
  "success_count": 1474,
  "failure_count": 22,
  "topk_all_mean": 2.1262962962962964,
  "topk_all_std": 3.148423059892104,
  "topk_all_median": 0.0,
  "topk_all_count": 2700,
  "topk_success_mean": 1.8838709677419354,
  "topk_success_median": 0.0,
  "topk_failure_mean": 11.953846153846154,
  "topk_failure_median": 13.0,
  "fixed_ratio_all_mean": 3.321301247771836,
  "fixed_ratio_all_std": 2.4498846602735647,
  "fixed_ratio_all_median": 3.0,
  "fixed_ratio_all_count": 4488,
  "fixed_ratio_success_mean": 3.2216191768430575,
  "fixed_ratio_success_median": 3.0,
  "fixed_ratio_failure_mean": 10.0,
  "fixed_ratio_failure_median": 10.0,
  "cumulative_all_mean": 2.1122994652406417,
  "cumulative_all_std": 2.207960453646311,
  "cumulative_all_median": 2.0,
  "cumulative_all_count": 4488,
  "cumulative_success_mean": 1.9850746268656716,
  "cumulative_success_median": 1.0,
  "cumulative_failure_mean": 10.636363636363637,
  "cumulative_failure_median": 11.0
}